sample_id,audit_label,audit_note,market_id,market_question,reddit_query,post_id,subreddit,title,excerpt,url
1,irrelevant,"Finanz-/AI-Aktie, kein Bezug zu Argentinien oder WM-Sieg.",0x0c4cd2055d6ea89354ffddc55d6dbcef9355748112ea952fc925f3db6a5c457f,Will Argentina win the 2026 FIFA World Cup?,Argentina win 2026 FIFA World Cup,1t5c3hk,investing,$ARX Thesis | Disguised Growth AI Play Within Insurance (116% Upside),"$ARX Thesis | Disguised Growth AI Play Within Insurance (116% Upside) **Accelerant Holdings ($ARX) - Long @$13 per share** NFA - DYOR Theme: *""Invest where the puck is going""* \- AI buildout -&gt; undiscovered AI beneficiaries **TLDR** \+ &gt;30% rev/ EBITD...",https://reddit.com/r/investing/comments/1t5c3hk/arx_thesis_disguised_growth_ai_play_within/
2,irrelevant,Falscher Wettbewerb: FIFA World Cup statt NHL Stanley Cup.,0xf8f63bb47b2a7c2e0c1be3cedf4075079b11c07476d76a9469065b0c4791961a,Will the Colorado Avalanche win the 2026 NHL Stanley Cup?,Colorado Avalanche win 2026 NHL Stanley Cup,8qrims,worldnews,"World Cup 2026: Canada, US &amp; Mexico joint bid wins right to host tournament","World Cup 2026: Canada, US &amp; Mexico joint bid wins right to host tournament",https://reddit.com/r/worldnews/comments/8qrims/world_cup_2026_canada_us_mexico_joint_bid_wins/
3,irrelevant,"Makro-/Aktienbeitrag, kein Bezug zu Brasilien oder World Cup.",0x30d55d8124ee1e12dabe89201badc45669b81dff69e4ce44d961f32878ec178a,Will Brazil win the 2026 FIFA World Cup?,Brazil win 2026 FIFA World Cup,1tjmgn2,stocks,"Two macro scenarios, which do you think will happen?","Two macro scenarios, which do you think will happen? I like to view asset allocation through forecasting macro themes. Right now I see two future scenarios and wanted to know your thoughts. **Scenario 1: Fiscal Trap** Inflation stays sticky at 5-8%. The Fed...",https://reddit.com/r/stocks/comments/1tjmgn2/two_macro_scenarios_which_do_you_think_will_happen/
4,irrelevant,"ETF-Frage, kein Bezug zu Harvey Weinstein.",0x3d495a3e05eaffe438bb1c2ab97ed57a79b0a6ab18a2ca6fa5b448e20ce70082,Will Harvey Weinstein be sentenced to between 10 and 20 years in prison?,Harvey Weinstein sentenced between 10 20 years prison,1thv11m,investing,"Help with understand covered call ETF's as income generators, or better alternatives?","Help with understand covered call ETF's as income generators, or better alternatives? As I understand it, covered call ETF's: Generate monthly ordinary income at better rates than high yield bonds. Ordinary income might be a tax drag for some people though....",https://reddit.com/r/investing/comments/1thv11m/help_with_understand_covered_call_etfs_as_income/
5,teilweise relevant,"World-Cup-Kontext, aber Iran statt Argentinien.",0x0c4cd2055d6ea89354ffddc55d6dbcef9355748112ea952fc925f3db6a5c457f,Will Argentina win the 2026 FIFA World Cup?,Argentina win 2026 FIFA World Cup,1rqvcb4,worldnews,Iran’s sports minister says football team will not play at 2026 World Cup,Iran’s sports minister says football team will not play at 2026 World Cup,https://reddit.com/r/worldnews/comments/1rqvcb4/irans_sports_minister_says_football_team_will_not/
6,teilweise relevant,"World-Cup-Kontext, aber Hotel/Ort statt Deutschland-Sieg.",0x1595b4818eeb1ea1e0bec5de6f057218e557feee9b405a0e930d290384fa1d16,Will Germany win the 2026 FIFA World Cup?,Germany win 2026 FIFA World Cup,1sbjqvf,news,"FIFA cancels hotel reservation blocks in Dallas, Arlington ahead of World Cup","FIFA cancels hotel reservation blocks in Dallas, Arlington ahead of World Cup",https://reddit.com/r/news/comments/1sbjqvf/fifa_cancels_hotel_reservation_blocks_in_dallas/
7,irrelevant,"US-Börsenstruktur, kein Bitcoin-1m-Bezug.",0xbb57ccf5853a85487bc3d83d04d669310d28c6c810758953b9d9b91d1aee89d2,Will bitcoin hit $1m before GTA VI?,bitcoin hit 1m,1ptlkks,investing,US public companies got halved since the 90s and retail cant catch the next NVDA early anymore,"US public companies got halved since the 90s and retail cant catch the next NVDA early anymore Back in the late 90s we had over 8000 listed companies, now its down to around 4000. Happened cuz regulations went nuts after Sarbanes-Oxley, small companies cant...",https://reddit.com/r/investing/comments/1ptlkks/us_public_companies_got_halved_since_the_90s_and/
8,teilweise relevant,"World-Cup-Kontext, aber Steuerkosten statt Deutschland-Sieg.",0x1595b4818eeb1ea1e0bec5de6f057218e557feee9b405a0e930d290384fa1d16,Will Germany win the 2026 FIFA World Cup?,Germany win 2026 FIFA World Cup,1sanw6a,politics,More than half of World Cup countries face extra costs as Fifa fails to agree US tax deal,More than half of World Cup countries face extra costs as Fifa fails to agree US tax deal,https://reddit.com/r/politics/comments/1sanw6a/more_than_half_of_world_cup_countries_face_extra/
9,irrelevant,"WIX-Aktienanalyse, kein NBA-Bezug.",0x22e7b5e35423e76842dd3a5e1a21d13793811080d5e7b2896d0c001bd5e97d54,Will the Oklahoma City Thunder win the 2026 NBA Finals?,Oklahoma City Thunder win 2026 NBA Finals,1pe6upt,investing,"[DD] WIX: The Market Says ""Dead Legacy Tech."" The Math Says ""Rule of 40"" Cash Cow (9x EV/FCF).","[DD] WIX: The Market Says ""Dead Legacy Tech."" The Math Says ""Rule of 40"" Cash Cow (9x EV/FCF). I've been screening for value in SaaS lately because everything feels expensive, and I kept ignoring **Wix (WIX)**. Like most of you, I still thought of them as t...",https://reddit.com/r/investing/comments/1pe6upt/dd_wix_the_market_says_dead_legacy_tech_the_math/
10,teilweise relevant,"Trump/Präsident-Kontext, aber nicht Rücktritt/Amtsverlust.",0x84f8b70331323c2fba97d7ceaa9a35fb645a0770d0dbff169d07f24f376766e9,Trump out as President before GTA VI?,Trump out President,1tcf4lt,geopolitics,Would We Be Better Off Today With the JCPOA?,"Would We Be Better Off Today With the JCPOA? 12 May 2026 *(intro visible then pay-walled, can sign in for trial access)* Eight years ago, President Donald Trump took the United States out of the Joint Comprehensive Plan of Action (JCPOA), known more commonl...",https://reddit.com/r/geopolitics/comments/1tcf4lt/would_we_be_better_off_today_with_the_jcpoa/
11,teilweise relevant,"Jesus-Christ-Kontext, aber nicht Ereignis 'return'.",0x32b09f6390252b37d674501527e709016d55581b2c1e544bd4b8167f5f732f4c,Will Jesus Christ return before GTA VI?,Jesus Christ return,1sm8ous,politics,Trump posts AI image of being embraced by Jesus Christ amid criticism for other religious posts,Trump posts AI image of being embraced by Jesus Christ amid criticism for other religious posts,https://reddit.com/r/politics/comments/1sm8ous/trump_posts_ai_image_of_being_embraced_by_jesus/
12,irrelevant,"Sportwetten-App, kein Colorado-Avalanche-Stanley-Cup-Bezug.",0xf8f63bb47b2a7c2e0c1be3cedf4075079b11c07476d76a9469065b0c4791961a,Will the Colorado Avalanche win the 2026 NHL Stanley Cup?,Colorado Avalanche win 2026 NHL Stanley Cup,gyozai,stocks,Sports betting App Downloads Roughly Triple in May,"Sports betting App Downloads Roughly Triple in May “Downloads of mobile sports wagering applications, including those offered by DraftKings (NASDAQ:DKNG) and FanDuel, more than tripled in May despite limited offerings on the US sports slate, according to ne...",https://reddit.com/r/stocks/comments/gyozai/sports_betting_app_downloads_roughly_triple_in_may/
13,irrelevant,"Portfoliofrage, kein Harvey-Weinstein-Bezug.",0xdee5db5410b362783a1405b66b9aa08a7d050ae1f99e8da85b9d1ae7962dad3b,Will Harvey Weinstein be sentenced to between 20 and 30 years in prison?,Harvey Weinstein sentenced between 20 30 years prison,1q9t7yu,investing,Looking for portfolio feedback- GGUS/UGL/Senior AUD bank bonds,"Looking for portfolio feedback- GGUS/UGL/Senior AUD bank bonds I'd like to ask for some feedback regarding the thesis behind this long-term strategy as an Australian investor (40% GGUS/30% UGL/20% AUD cash/senior bank bonds, 10% aussie miners/personal stock...",https://reddit.com/r/investing/comments/1q9t7yu/looking_for_portfolio_feedback_ggusuglsenior_aud/
14,teilweise relevant,"World-Cup-Kontext, aber Iran statt Frankreich.",0x9b6fef249040fd17e9c107955b37ac2c3e923509b6b0ff01cc463a331ddeb894,Will France win the 2026 FIFA World Cup?,France win 2026 FIFA World Cup,1rqvcb4,worldnews,Iran’s sports minister says football team will not play at 2026 World Cup,Iran’s sports minister says football team will not play at 2026 World Cup,https://reddit.com/r/worldnews/comments/1rqvcb4/irans_sports_minister_says_football_team_will_not/
15,irrelevant,"20 Jahre Gefängnis, aber falsche Person/Fall.",0x3d495a3e05eaffe438bb1c2ab97ed57a79b0a6ab18a2ca6fa5b448e20ce70082,Will Harvey Weinstein be sentenced to between 10 and 20 years in prison?,Harvey Weinstein sentenced between 10 20 years prison,1rfoh4t,worldnews,Dutch court sentences Eritrean man to 20 years in prison for 'cruel' people smuggling,Dutch court sentences Eritrean man to 20 years in prison for 'cruel' people smuggling,https://reddit.com/r/worldnews/comments/1rfoh4t/dutch_court_sentences_eritrean_man_to_20_years_in/
16,irrelevant,"NFT/Investing, kein Playboi-Carti-Album.",0x50ddb9cd80d5c271664a2ebb7fcaed1d0a148d82c8e8d314d830f75a944c3dcc,New Playboi Carti Album before GTA VI?,New Playboi Carti Album,p6i26a,investing,My Thoughts On The NFT Craze,My Thoughts On The NFT Craze Today as I sipped my coffee in my backyard I was keeping my ear to the streets as I normally do in the latest financial gossip. I’ve recently heard about the new craze that is seemingly lingering longer than I thought it would. ...,https://reddit.com/r/investing/comments/p6i26a/my_thoughts_on_the_nft_craze/
17,irrelevant,"Gefängnisstrafe, aber falsche Person/Fall.",0x3d495a3e05eaffe438bb1c2ab97ed57a79b0a6ab18a2ca6fa5b448e20ce70082,Will Harvey Weinstein be sentenced to between 10 and 20 years in prison?,Harvey Weinstein sentenced between 10 20 years prison,1rkgqkm,politics,"Louisiana mayor convicted of raping 16-year-old boy at her home while still in office - Misty Roberts, 43, faces sentences of up to 10 and seven years in prison after July 2024 sexual assault at pool party","Louisiana mayor convicted of raping 16-year-old boy at her home while still in office - Misty Roberts, 43, faces sentences of up to 10 and seven years in prison after July 2024 sexual assault at pool party",https://reddit.com/r/politics/comments/1rkgqkm/louisiana_mayor_convicted_of_raping_16yearold_boy/
18,irrelevant,"Investing-Beitrag, kein Bitcoin-1m-Bezug.",0xbb57ccf5853a85487bc3d83d04d669310d28c6c810758953b9d9b91d1aee89d2,Will bitcoin hit $1m before GTA VI?,bitcoin hit 1m,1ra0otd,investing,The Cost of Standing Still: 1 year contribution gap,"The Cost of Standing Still: 1 year contribution gap I’ve been investing consistently for years and have built a ""not-too-shabby"" Net Worth. However, due to a shift in circumstances, I’m looking at a 1-year ""contribution holiday"" where I won’t be able to add...",https://reddit.com/r/investing/comments/1ra0otd/the_cost_of_standing_still_1_year_contribution_gap/
19,irrelevant,"Titanium-/Defense-DD, kein Cavaliers/NBA-Bezug.",0x6b44bd667fad6cb5b3b68d8bd1055a038c77d9176dbd51f123879797cc3368a7,Will the Cleveland Cavaliers win the 2026 NBA Finals?,Cleveland Cavaliers win 2026 NBA Finals,1rpc7qd,investing,China Controls 65% of Global Titanium Production and the U.S. Makes None. DD on the Company Trying to Fix That (NASDAQ: IPX),"China Controls 65% of Global Titanium Production and the U.S. Makes None. DD on the Company Trying to Fix That (NASDAQ: IPX) The United States has no domestic titanium sponge production. The last commercial sponge facility, operated by TIMET, was idled in 2...",https://reddit.com/r/investing/comments/1rpc7qd/china_controls_65_of_global_titanium_production/
20,irrelevant,"30-jährige Strafe, aber falsche Person/Fall.",0x2499928ffbe6022444543dcd940075259cecb5e41e346284b578cb64e1404d32,Will Harvey Weinstein be sentenced to more than 30 years in prison?,Harvey Weinstein sentenced more 30 years prison,1iokejz,news,Federal appeals court upholds singer R. Kelly’s convictions and 30-year prison sentence,Federal appeals court upholds singer R. Kelly’s convictions and 30-year prison sentence,https://reddit.com/r/news/comments/1iokejz/federal_appeals_court_upholds_singer_r_kellys/
21,irrelevant,"Geothermal-Energy-Beitrag, kein OKC/NBA-Bezug.",0x22e7b5e35423e76842dd3a5e1a21d13793811080d5e7b2896d0c001bd5e97d54,Will the Oklahoma City Thunder win the 2026 NBA Finals?,Oklahoma City Thunder win 2026 NBA Finals,1p2j3ks,investing,SLB and the Future of Geothermal Energy,"SLB and the Future of Geothermal Energy I came across a very interesting article in the Economist today, and it led me to take a large position in SLB. Apologies for the paywall: [https://www.economist.com/interactive/science-and-technology/2025/11/18/geoth...",https://reddit.com/r/investing/comments/1p2j3ks/slb_and_the_future_of_geothermal_energy/
22,irrelevant,"LLY/Pharma-These, kein Knicks/NBA-Bezug.",0x713641f745d71f6ec61f906237ffca3c8583f251e49384429a63ceb0ccdb2d37,Will the New York Knicks win the 2026 NBA Finals?,New York Knicks win 2026 NBA Finals,1sw8mlb,stocks,LLY: The Foundayo bull case requires assuming people don't have sex,LLY: The Foundayo bull case requires assuming people don't have sex I'm here to tell you the bull case for Lilly’s Foundayo rests on an unspoken assumption: **nobody in the target demographic is having sex.** Sounds crazy? **The facts:** 1. Oral Wegovy seem...,https://reddit.com/r/stocks/comments/1sw8mlb/lly_the_foundayo_bull_case_requires_assuming/
23,irrelevant,"HIMS-Aktienanalyse, kein Bitcoin-1m-Bezug.",0xbb57ccf5853a85487bc3d83d04d669310d28c6c810758953b9d9b91d1aee89d2,Will bitcoin hit $1m before GTA VI?,bitcoin hit 1m,1tctmk2,investing,Hims &amp; Hers (HIMS) What Moves Hims From Here?,Hims &amp; Hers (HIMS) What Moves Hims From Here? [](https://preview.redd.it/hims-hers-hims-what-moves-hims-from-here-v0-snb0au8pr21h1.png?width=815&amp;format=png&amp;auto=webp&amp;s=c45611c3a3c1da099cb3b5e721a61ed18ccc8866) Q1 2026 looked ugly on the head...,https://reddit.com/r/investing/comments/1tctmk2/hims_hers_hims_what_moves_hims_from_here/
24,irrelevant,"Börsenstruktur, kein Harvey-Weinstein-Bezug.",0x3209617364a0d598435806b59d0d056b606022dc9028c466ad7912df94fc170c,Will Harvey Weinstein be sentenced to between 5 and 10 years in prison?,Harvey Weinstein sentenced between 5 10 years prison,1tenqiv,stocks,The real bubble is simply a knowledge gap,"The real bubble is simply a knowledge gap So heres the deal, a large chunk of investors have been trading on dark pools for some time now. There is now, more than ever before, an extreme imbalance in trading due to order flow volumes. For example: Lets say ...",https://reddit.com/r/stocks/comments/1tenqiv/the_real_bubble_is_simply_a_knowledge_gap/
25,irrelevant,"Defense-Aktienanalyse, kein Argentinien/WM-Bezug.",0x0c4cd2055d6ea89354ffddc55d6dbcef9355748112ea952fc925f3db6a5c457f,Will Argentina win the 2026 FIFA World Cup?,Argentina win 2026 FIFA World Cup,1rmd25x,stocks,ONDS: Bear Thesis,"ONDS: Bear Thesis Tl:DR: ONDS is a bunch of finance bros masquerading as a defense company by buying garage startups with massive combined losses 1. ONDS doesn’t have factories The Pentagon, the DoW, Anduril, PDW, Neros, all say the same thing: “the factory...",https://reddit.com/r/stocks/comments/1rmd25x/onds_bear_thesis/
26,irrelevant,"Iran/Energie, aber kein FIFA-World-Cup-Sieg.",0x84edef36bded182da6a395ac6c785dba8f3e09b6c5ad041385b2042536cbef25,Will Iran win the 2026 FIFA World Cup?,Iran win 2026 FIFA World Cup,1szdgyu,stocks,Oil majors eye resurgent Canadian energy in wake of Middle East upheaval,"Oil majors eye resurgent Canadian energy in wake of Middle East upheaval &gt; NEW YORK/CALGARY, April 29 (Reuters) - Canada's oil and gas producers are drawing renewed interest from global energy majors as the Middle East conflict has heightened the country...",https://reddit.com/r/stocks/comments/1szdgyu/oil_majors_eye_resurgent_canadian_energy_in_wake/
27,irrelevant,"30-jährige Strafe, aber falsche Person/Fall.",0x2499928ffbe6022444543dcd940075259cecb5e41e346284b578cb64e1404d32,Will Harvey Weinstein be sentenced to more than 30 years in prison?,Harvey Weinstein sentenced more 30 years prison,1cuc6xr,news,Pelosi hammer attacker David DePape sentenced to 30 years in prison,Pelosi hammer attacker David DePape sentenced to 30 years in prison,https://reddit.com/r/news/comments/1cuc6xr/pelosi_hammer_attacker_david_depape_sentenced_to/
28,teilweise relevant,"World-Cup-Kontext, aber Arbeitskampf statt England-Sieg.",0x375409bc5eeeff961e82b479caeccc20f33d15738e5bce1186d628aa3d9dfb1f,Will England win the 2026 FIFA World Cup?,England win 2026 FIFA World Cup,1shotbv,politics,Thousands of stadium workers demand FIFA bar ICE from World Cup,Thousands of stadium workers demand FIFA bar ICE from World Cup,https://reddit.com/r/politics/comments/1shotbv/thousands_of_stadium_workers_demand_fifa_bar_ice/
29,irrelevant,"Neue Alben allgemein, aber kein Rihanna-Album.",0x1fad72fae204143ff1c3035e99e7c0f65ea8d5cd9bd1070987bd1a3316f772be,New Rihanna Album before GTA VI?,New Rihanna Album,8m2929,worldnews,The Best New Albums This Week To Stream: Chvrches And Pusha T,The Best New Albums This Week To Stream: Chvrches And Pusha T,https://reddit.com/r/worldnews/comments/8m2929/the_best_new_albums_this_week_to_stream_chvrches/
30,irrelevant,"NVO/WHO-Aktienbeitrag, kein Harvey-Weinstein-Bezug.",0x3209617364a0d598435806b59d0d056b606022dc9028c466ad7912df94fc170c,Will Harvey Weinstein be sentenced to between 5 and 10 years in prison?,Harvey Weinstein sentenced between 5 10 years prison,1rytt8u,stocks,Everyone is panic selling NVO while the WHO is literally begging for more supply.,Everyone is panic selling NVO while the WHO is literally begging for more supply. I've spent a stupid amount of time researching NVO lately and honestly the gap between what's actually happening with this company and where the stock is trading is getting ab...,https://reddit.com/r/stocks/comments/1rytt8u/everyone_is_panic_selling_nvo_while_the_who_is/
31,irrelevant,"AMS-Osram-Aktienanalyse, kein Frankreich/WM-Bezug.",0x9b6fef249040fd17e9c107955b37ac2c3e923509b6b0ff01cc463a331ddeb894,Will France win the 2026 FIFA World Cup?,France win 2026 FIFA World Cup,1ry75o3,stocks,My thoughts - AMS-osram for a EU Photonic play and great industrial execution track record,My thoughts - AMS-osram for a EU Photonic play and great industrial execution track record **Ticker:** $AMSSY (OTC) - AT0000A3EPA4 on Euronext **Current Price:** CHF 8.96 **Implied Upside:** \+20% (Bear) to +680% (Bull) **Market Cap:** \~€1.1B I am back int...,https://reddit.com/r/stocks/comments/1ry75o3/my_thoughts_amsosram_for_a_eu_photonic_play_and/
32,irrelevant,"Nike-Strategie, kein Cavaliers/NBA-Finals-Bezug.",0x6b44bd667fad6cb5b3b68d8bd1055a038c77d9176dbd51f123879797cc3368a7,Will the Cleveland Cavaliers win the 2026 NBA Finals?,Cleveland Cavaliers win 2026 NBA Finals,1pzryrh,stocks,"More than just hype: Could Nike's 2026 ""Technology and Tradition"" strategy be a turning point for its stock price?","More than just hype: Could Nike's 2026 ""Technology and Tradition"" strategy be a turning point for its stock price? I recently shifted my focus away from the volatility of the Q2 earnings report and back to Nike's core: its products. After years of criticism...",https://reddit.com/r/stocks/comments/1pzryrh/more_than_just_hype_could_nikes_2026_technology/
33,irrelevant,"Iran/Ölpreis, aber kein FIFA-World-Cup-Sieg.",0x84edef36bded182da6a395ac6c785dba8f3e09b6c5ad041385b2042536cbef25,Will Iran win the 2026 FIFA World Cup?,Iran win 2026 FIFA World Cup,1szg26z,stocks,Oil price rises above $120 after reports of 'extended' Iran blockade,Oil price rises above $120 after reports of 'extended' Iran blockade [**BBC: Oil price rises above $120 after reports of 'extended' Iran blockade**](https://www.bbc.com/news/articles/cj4pxr0gr02o) Oil prices have soared following reports that the US is prep...,https://reddit.com/r/stocks/comments/1szg26z/oil_price_rises_above_120_after_reports_of/
34,irrelevant,"Qualitätsaktien, kein Harvey-Weinstein-Bezug.",0x2499928ffbe6022444543dcd940075259cecb5e41e346284b578cb64e1404d32,Will Harvey Weinstein be sentenced to more than 30 years in prison?,Harvey Weinstein sentenced more 30 years prison,1s3m3ia,stocks,Anyone else notice how ‘quality’ companies can be totally different investments?,Anyone else notice how ‘quality’ companies can be totally different investments? I'd like you remember this sentence for the rest of your investing career: &gt;*The best-performing stocks are companies that generate high returns on capital without putting t...,https://reddit.com/r/stocks/comments/1s3m3ia/anyone_else_notice_how_quality_companies_can_be/
35,irrelevant,"Software/AI-Trading, kein Harvey-Weinstein-Bezug.",0xdee5db5410b362783a1405b66b9aa08a7d050ae1f99e8da85b9d1ae7962dad3b,Will Harvey Weinstein be sentenced to between 20 and 30 years in prison?,Harvey Weinstein sentenced between 20 30 years prison,1t960h4,stocks,"£33k, 5 weeks, software/AI rotation play strategy feedback","£33k, 5 weeks, software/AI rotation play strategy feedback UK retail trader on T212 ISA. £33k of play money that i am looking to profit from in the next 5 - 6 weeks. Looking for honest critique before Monday open. Thesis: Datadog's +28% earnings reaction la...",https://reddit.com/r/stocks/comments/1t960h4/33k_5_weeks_softwareai_rotation_play_strategy/
36,irrelevant,"Bullishe Aktienpositionen, kein Bitcoin-1m-Bezug.",0xbb57ccf5853a85487bc3d83d04d669310d28c6c810758953b9d9b91d1aee89d2,Will bitcoin hit $1m before GTA VI?,bitcoin hit 1m,1smusir,stocks,some of my current bullish positions. lets see how it plays out.,some of my current bullish positions. lets see how it plays out. Been meaning to write this up properly for a while. IONQ I've been watching quantum computing for two years waiting for a reason to size up beyond a lottery ticket. This week gave me three in ...,https://reddit.com/r/stocks/comments/1smusir/some_of_my_current_bullish_positions_lets_see_how/
37,irrelevant,"FuboTV-DD, kein Colorado-Avalanche-Stanley-Cup-Bezug.",0xf8f63bb47b2a7c2e0c1be3cedf4075079b11c07476d76a9469065b0c4791961a,Will the Colorado Avalanche win the 2026 NHL Stanley Cup?,Colorado Avalanche win 2026 NHL Stanley Cup,lfm1p3,stocks,"FuboTV DD (First time making DD, please give advice)","FuboTV DD (First time making DD, please give advice) I tried to make it easy to skip around if you just want to see the financials or estimates. Just scroll to them if you don't care what the company is or their sector/competition/management. TL;DR at botto...",https://reddit.com/r/stocks/comments/lfm1p3/fubotv_dd_first_time_making_dd_please_give_advice/
38,irrelevant,"Arbeitsmarkt/Recession, kein Trump-Amtsverlust.",0x84f8b70331323c2fba97d7ceaa9a35fb645a0770d0dbff169d07f24f376766e9,Trump out as President before GTA VI?,Trump out President,1tddbhs,investing,The current unemployment rate is misleading. Temp help employment is down 21.4%. This signal has preceded every US recession since 1990. Here is what the data actually shows.,The current unemployment rate is misleading. Temp help employment is down 21.4%. This signal has preceded every US recession since 1990. Here is what the data actually shows. TLDR and Sources at the End The headline U-3 unemployment rate is 4.3% as of April...,https://reddit.com/r/investing/comments/1tddbhs/the_current_unemployment_rate_is_misleading_temp/
39,irrelevant,"Sweetgreen-Aktie, kein Knicks/NBA-Bezug.",0x713641f745d71f6ec61f906237ffca3c8583f251e49384429a63ceb0ccdb2d37,Will the New York Knicks win the 2026 NBA Finals?,New York Knicks win 2026 NBA Finals,1tgtymf,investing,Sweetgreen SG turnaround and breakout,"Sweetgreen SG turnaround and breakout Sweetgreen SG has finally broken out of a long term chop, put in a strong bottom, and is poised for a strong rebound driven by fundamentals including revenue and margin expansion from wraps addition, same store sales re...",https://reddit.com/r/investing/comments/1tgtymf/sweetgreen_sg_turnaround_and_breakout/
40,teilweise relevant,"Trump-politischer Kontext, aber nicht die Marktfrage.",0x84f8b70331323c2fba97d7ceaa9a35fb645a0770d0dbff169d07f24f376766e9,Trump out as President before GTA VI?,Trump out President,1t8tcns,geopolitics,"Far-Right Populist Party in Australia Wins Race Seen as a Key Test — One Nation, an anti-immigration party with Trumpian policies that has risen in popularity, won a seat in Parliament’s lower house for the first time","Far-Right Populist Party in Australia Wins Race Seen as a Key Test — One Nation, an anti-immigration party with Trumpian policies that has risen in popularity, won a seat in Parliament’s lower house for the first time Excerpts from [article](https://www.nyt...",https://reddit.com/r/geopolitics/comments/1t8tcns/farright_populist_party_in_australia_wins_race/
41,teilweise relevant,"Jesus-Christ-Kontext, aber nicht Ereignis 'return'.",0x32b09f6390252b37d674501527e709016d55581b2c1e544bd4b8167f5f732f4c,Will Jesus Christ return before GTA VI?,Jesus Christ return,1joc1fx,worldnews,"‘Jesus Christ also was found guilty and he was innocent,’ Le Pen codefendant says","‘Jesus Christ also was found guilty and he was innocent,’ Le Pen codefendant says",https://reddit.com/r/worldnews/comments/1joc1fx/jesus_christ_also_was_found_guilty_and_he_was/
42,teilweise relevant,"World-Cup/FIFA-Kontext, aber nicht Spanien-Sieg.",0x7976b8dbacf9077eb1453a62bcefd6ab2df199acd28aad276ff0d920d6992892,Will Spain win the 2026 FIFA World Cup?,Spain win 2026 FIFA World Cup,1shotbv,politics,Thousands of stadium workers demand FIFA bar ICE from World Cup,Thousands of stadium workers demand FIFA bar ICE from World Cup,https://reddit.com/r/politics/comments/1shotbv/thousands_of_stadium_workers_demand_fifa_bar_ice/
43,irrelevant,"Sony/Musikgeschäft, kein Playboi-Carti-Album.",0x50ddb9cd80d5c271664a2ebb7fcaed1d0a148d82c8e8d314d830f75a944c3dcc,New Playboi Carti Album before GTA VI?,New Playboi Carti Album,1em90ah,stocks,"Sony profit jumps 10%, beating estimates on growth in gaming software, music ","Sony profit jumps 10%, beating estimates on growth in gaming software, music Sony on Wednesday reported a 10% jump in operating profit in the fiscal first quarter, beating analyst expectations after seeing strong growth in its gaming, music and imaging chip...",https://reddit.com/r/stocks/comments/1em90ah/sony_profit_jumps_10_beating_estimates_on_growth/
44,teilweise relevant,"Stanley-Cup-Kontext, aber falsches Team/alte Saison.",0xf8f63bb47b2a7c2e0c1be3cedf4075079b11c07476d76a9469065b0c4791961a,Will the Colorado Avalanche win the 2026 NHL Stanley Cup?,Colorado Avalanche win 2026 NHL Stanley Cup,1h0kgm,news,Blackhawks Win The Stanley Cup!! Boston collapses,Blackhawks Win The Stanley Cup!! Boston collapses,https://reddit.com/r/news/comments/1h0kgm/blackhawks_win_the_stanley_cup_boston_collapses/
45,irrelevant,"Rivian-Aktienanalyse, kein MegaETH-Airdrop.",0xe459d1b598da754c9fd5fc155b6efe3a144aa80abbc7d041fce7d35d903d3c8e,Will MegaETH perform an airdrop by June 30? ,MegaETH perform airdrop June 30,1t1yu2l,stocks,Rivian’s Real Bet: R2 Buys Time for the Autonomy Platform,"Rivian’s Real Bet: R2 Buys Time for the Autonomy Platform TLDR: Rivian can survive until R2 launches and scales, when R2 flips unit economics positive, the upside is no longer just selling EVs but rather monetizing the **software, autonomy and partnership p...",https://reddit.com/r/stocks/comments/1t1yu2l/rivians_real_bet_r2_buys_time_for_the_autonomy/
46,teilweise relevant,"OKC-Thunder/NBA-Champion-Kontext, aber nicht 2026-Finals-Prognose.",0x22e7b5e35423e76842dd3a5e1a21d13793811080d5e7b2896d0c001bd5e97d54,Will the Oklahoma City Thunder win the 2026 NBA Finals?,Oklahoma City Thunder win 2026 NBA Finals,1rz4dvt,politics,NBA champion Oklahoma City Thunder won’t visit White House due to ‘timing issue’,NBA champion Oklahoma City Thunder won’t visit White House due to ‘timing issue’,https://reddit.com/r/politics/comments/1rz4dvt/nba_champion_oklahoma_city_thunder_wont_visit/
47,teilweise relevant,"Jesus-Christ-Kontext, aber nicht Ereignis 'return'.",0x32b09f6390252b37d674501527e709016d55581b2c1e544bd4b8167f5f732f4c,Will Jesus Christ return before GTA VI?,Jesus Christ return,1sks4iq,politics,Is War Criminal Donald Trump Actually a Healing Jesus Christ?,Is War Criminal Donald Trump Actually a Healing Jesus Christ?,https://reddit.com/r/politics/comments/1sks4iq/is_war_criminal_donald_trump_actually_a_healing/
48,irrelevant,"Hantavirus/Stocks, kein England/World-Cup-Bezug.",0x375409bc5eeeff961e82b479caeccc20f33d15738e5bce1186d628aa3d9dfb1f,Will England win the 2026 FIFA World Cup?,England win 2026 FIFA World Cup,1t5wfsc,stocks,Hantavirus stock predictions ?,Hantavirus stock predictions ? Is it possible to evaluate stock market fluctuations to predict if the hantavirus will be a serious pandemic?…. I know certain individuals were recommending selling travel stocks prior to COVID and that was a documentable tren...,https://reddit.com/r/stocks/comments/1t5wfsc/hantavirus_stock_predictions/
49,irrelevant,"Defense-Aktienanalyse, kein Spanien/WM-Bezug.",0x7976b8dbacf9077eb1453a62bcefd6ab2df199acd28aad276ff0d920d6992892,Will Spain win the 2026 FIFA World Cup?,Spain win 2026 FIFA World Cup,1rmd25x,stocks,ONDS: Bear Thesis,"ONDS: Bear Thesis Tl:DR: ONDS is a bunch of finance bros masquerading as a defense company by buying garage startups with massive combined losses 1. ONDS doesn’t have factories The Pentagon, the DoW, Anduril, PDW, Neros, all say the same thing: “the factory...",https://reddit.com/r/stocks/comments/1rmd25x/onds_bear_thesis/
50,irrelevant,"Rivian-Aktienanalyse, kein Knicks/NBA-Bezug.",0x713641f745d71f6ec61f906237ffca3c8583f251e49384429a63ceb0ccdb2d37,Will the New York Knicks win the 2026 NBA Finals?,New York Knicks win 2026 NBA Finals,1t1yu2l,stocks,Rivian’s Real Bet: R2 Buys Time for the Autonomy Platform,"Rivian’s Real Bet: R2 Buys Time for the Autonomy Platform TLDR: Rivian can survive until R2 launches and scales, when R2 flips unit economics positive, the upside is no longer just selling EVs but rather monetizing the **software, autonomy and partnership p...",https://reddit.com/r/stocks/comments/1t1yu2l/rivians_real_bet_r2_buys_time_for_the_autonomy/
